CAS;Tipo_olor;Descriptor_1;Descriptor_2;Fuerza_Olor;Clacificacion;Presion_vapor;Area;Fuerza;smiles;nomenclature;Molecule
928-96-1;verde;fresco;Herboso;alto;aromatizante;1.04;0.0212;0.5;CC\C=C/CCO;(Z)-Hex-3-en-1-ol;"<img data-content=""rdkit/molecule"" src=""data:image/png"
544-12-7;verde;hoja verde;0;alto;aromatizante;1.04;0.021;0.5;CC/C=C/CCO;['hex-3-en-1-ol', '(E)-hex-3-en-1-ol'];"<img data-content=""rdkit/molecule"" src=""data:image/png"
39255-32-8;verde;fresco;melon verde;medio;aromatizante;2.91;0.0218;0.3;CCCC(C)C(=O)OCC;Ethyl 2-methylpentanoate;"<img data-content=""rdkit/molecule"" src=""data:image/png"
80-56-8;herbal;fresco;amaderado;alto;aromatizante;4.75;0.0289;0.5;CC1=CCC2CC1C2(C)C;4,7,7-trimethylbicyclo[3.1.1]hept-3-ene;"<img data-content=""rdkit/molecule"" src=""data:image/png"
141-97-9;frutal;fresco;manzana verde;medio;aromatizante;0.89;0.0547;0.3;CCOC(=O)CC(C)=O;ethyl 3-oxobutanoate;"<img data-content=""rdkit/molecule"" src=""data:image/png"
3387-41-5;maderoso;picante;especiado;medio;aromatizante;2.63;0.0192;0.3;CC(C)C12CCC(=C)C1C2;4-methylidene-1-propan-2-ylbicyclo[3.1.0]hexane;"<img data-content=""rdkit/molecule"" src=""data:image/png"
18172-67-3;herbal;seco;amaderado;alto;aromatizante;2.399;0.0986;0.5;CC1(C)[C@H]2CCC(=C)[C@@H]1C2;(1S,5S)-7,7-dimethyl-4-methylidenebicyclo[3.1.1]heptane;"<img data-content=""rdkit/molecule"" src=""data:image/png"
123-35-3;picante;balsámico;terpénico;alto;aromatizante;2.29;0.0476;0.5;CC(C)=CCCC(=C)C=C;7-methyl-3-methylideneocta-1,6-diene;"<img data-content=""rdkit/molecule"" src=""data:image/png"
3681-82-1;frutal;corteza verde;plátano;medio;aromatizante;1.219;0.0542;0.3;CC/C=C/CCOC(C)=O;['Hex-3-enyl acetate', '[(E)-hex-3-enyl] acetate'];"<img data-content=""rdkit/molecule"" src=""data:image/png"
142-92-7;frutal;manzana verde;plátano dulce;medio;aromatizante;1.391;0.3477;0.3;CCCCCCOC(C)=O;Hexyl acetate;"<img data-content=""rdkit/molecule"" src=""data:image/png"
288-94-8;ND;0;0;0;0;0;0.2853;0.1;[nH]1ncnn1;2H-Tetrazole;"<img data-content=""rdkit/molecule"" src=""data:image/png"
151-56-4;ND;0;0;0;aditivo i0irecto;0;0.2889;0.1;C1CN1;Aziridine;"<img data-content=""rdkit/molecule"" src=""data:image/png"
109-86-4;ND;0;0;0;sistesis quimica;5.975;0.4894;0.1;COCCO;2-Methoxyethanol;"<img data-content=""rdkit/molecule"" src=""data:image/png"
110-98-5;alcohólico;0;0;suave;disolvente aromatizante;0.012;1.0147;0.1;CC(O)COCC(C)O;1-(2-hydroxypropoxy)propan-2-ol;"<img data-content=""rdkit/molecule"" src=""data:image/png"
110-98-5;alcohólico;0;0;suave;disolvente aromatizante;0.012;1.0147;0.1;CC(O)COCC(C)O;1-(2-hydroxypropoxy)propan-2-ol;"<img data-content=""rdkit/molecule"" src=""data:image/png"
1825-61-2;ND;0;0;0;0;0;0.3219;0.1;CO[Si](C)(C)C;methoxy-trimethylsilane;"<img data-content=""rdkit/molecule"" src=""data:image/png"
5989-27-5;citrico;dulce;naranja;medio;aromatizante;0.198;2.4805;0.3;CC(=C)[C@@H]1CCC(=CC1)C;(4R)-1-methyl-4-prop-1-en-2-ylcyclohexene;"<img data-content=""rdkit/molecule"" src=""data:image/png"
106-62-7;ND;0;0;0;0;0;1.0552;0.1;CC(O)COC(C)CO;2-(2-hydroxypropoxy)propan-1-ol;"<img data-content=""rdkit/molecule"" src=""data:image/png"
106-62-7;ND;0;0;0;0;0;1.0552;0.1;CC(O)COC(C)CO;2-(2-hydroxypropoxy)propan-1-ol;"<img data-content=""rdkit/molecule"" src=""data:image/png"
99-85-4;terpénico;citrico;lima;medio;aromatizante;1.075;0.0649;0.3;CC(C)C1=CCC(=CC1)C;1-methyl-4-propan-2-ylcyclohexa-1,4-diene;"<img data-content=""rdkit/molecule"" src=""data:image/png"
18479-58-8;citrico;fresco;lima;medio;aromatizante;0.16;0.7294;0.3;CC(CCCC(C)(C)O)C=C;2,6-Dimethyloct-7-en-2-ol;"<img data-content=""rdkit/molecule"" src=""data:image/png"
106-62-7;ND;0;0;0;0;0;1.0552;0.1;CC(O)COC(C)CO;2-(2-hydroxypropoxy)propan-1-ol;"<img data-content=""rdkit/molecule"" src=""data:image/png"
1000131-99-4;ND;0;0;0;0;0;0.0284;0.1;C;methane;"<img data-content=""rdkit/molecule"" src=""data:image/png"
62338-07-2;ND;0;0;0;sustancia natural;0;0.0282;0.1;C;methane;"<img data-content=""rdkit/molecule"" src=""data:image/png"
67633-96-9;verde;manzana ;fresco;medio;aromatizante;0.721;0.0252;0.3;CC/C=C/CCOC(=O)OC;['[(E)-hex-3-enyl] methyl carbonate', 'hex-3-enyl methyl carbonate'];"<img data-content=""rdkit/molecule"" src=""data:image/png"
78-70-6;floral;citrico;dulce;medio;aromatizante;0.016;1.9892;0.3;CC(C)=CCCC(C)(O)C=C;3,7-Dimethylocta-1,6-dien-3-ol;"<img data-content=""rdkit/molecule"" src=""data:image/png"
1000131-99-4;ND;0;0;0;0;0;0.0284;0.1;C;methane;"<img data-content=""rdkit/molecule"" src=""data:image/png"
118-71-8;caramelo;dulce;algodón de azucar;alto;aromatizante;0;0.0671;0.5;CC1=C(O)C(=O)C=CO1;3-hydroxy-2-methylpyran-4-one;"<img data-content=""rdkit/molecule"" src=""data:image/png"
60-12-8;floral;dulce;rosa;medio;aromatizante;0.0868;0.0348;0.3;OCCc1ccccc1;2-PHENYLETHANOL;"<img data-content=""rdkit/molecule"" src=""data:image/png"
84682-20-2;ND;0;0;0;aromatizante;0.182;0.0309;0.1;CC/C=C/CCOC(=O)C(C)C;[(E)-hex-3-enyl] 2-methylpropanoate;"<img data-content=""rdkit/molecule"" src=""data:image/png"
140-11-4;floral;dulce;fresco;medio;aromatizante;0.177;0.281;0.3;CC(=O)OCc1ccccc1;Phenylmethyl acetate;"<img data-content=""rdkit/molecule"" src=""data:image/png"
1000430-72-3;ND;0;0;0;0;0;1.4549;0.1;C;methane;"<img data-content=""rdkit/molecule"" src=""data:image/png"
93-92-5;verde;herbal;gardenia;medio;aromatizante;0.203;0.2657;0.3;CC(OC(C)=O)c1ccccc1;1-Phenylethyl acetate;"<img data-content=""rdkit/molecule"" src=""data:image/png"
1070-71-9;ND;0;0;0;0;0;0.0232;0.1;C#CC#N;prop-2-ynenitrile;"<img data-content=""rdkit/molecule"" src=""data:image/png"
1000430-72-3;ND;0;0;0;0;0;1.4549;0.1;C;methane;"<img data-content=""rdkit/molecule"" src=""data:image/png"
542-10-9;ND;0;0;0;No utilizada en fragancias;0;0.077;0.1;CC(OC(C)=O)OC(C)=O;1-acetyloxyethyl acetate;"<img data-content=""rdkit/molecule"" src=""data:image/png"
75-24-1;ND;0;0;0;0;0;0.4113;0.1;C[Al](C)C;trimethylalumane;"<img data-content=""rdkit/molecule"" src=""data:image/png"
1110651;ND;0;0;0;0;0;2.7589;0.1;C;methane;"<img data-content=""rdkit/molecule"" src=""data:image/png"
1000447-36-7;ND;0;0;0;0;0;0.8577;0.1;C;methane;"<img data-content=""rdkit/molecule"" src=""data:image/png"
106-22-9;floral;dulce;fresco;medio;aromatizante;0.02;0.1916;0.3;C[C@@H](CCO)CCC=C(C)C;(3R)-3,7-dimethyloct-6-en-1-ol;"<img data-content=""rdkit/molecule"" src=""data:image/png"
625-28-5;ND;0;0;0;sustancia natural;1.1198;0.9471;0.1;CC(C)CC#N;3-methylbutanenitrile;"<img data-content=""rdkit/molecule"" src=""data:image/png"
115-95-7;herbal;dulce;citrico;medio;aromatizante;0.116;2.7335;0.3;CC(C)=CCCC(C)(OC(C)=O)C=C;3,7-dimethylocta-1,6-dien-3-yl acetate;"<img data-content=""rdkit/molecule"" src=""data:image/png"
123-11-5;anis;dulce;vainilla;medio;aromatizante;1;0.0538;0.3;COc1ccc(C=O)cc1;4-Methoxybenzaldehyde;"<img data-content=""rdkit/molecule"" src=""data:image/png"
343947-11-5;ND;0;0;0;0;0;0.3393;0.1;C;methane;"<img data-content=""rdkit/molecule"" src=""data:image/png"
141-27-5;citrico;limon;0;medio;aromatizante;0.071;0.0178;0.3;CC(C)=CCC\C(C)=C\C=O;['(2E)-3,7-dimethylocta-2,6-dienal', '3,7-dimethylocta-2,6-dienal'];"<img data-content=""rdkit/molecule"" src=""data:image/png"
1900-69-2;maderoso;0;0;medio;aromatizante;0.103;0.7556;0.3;CC(=O)OC1CCC(CC1)C(C)(C)C;(4-tert-butylcyclohexyl) acetate;"<img data-content=""rdkit/molecule"" src=""data:image/png"
88-41-5;frutal;manzana verde;amaderado;medio;disolvente aromatizante;0.103;0.7865;0.3;CC(=O)OC1CCCCC1C(C)(C)C;(2-tert-butylcyclohexyl) acetate;"<img data-content=""rdkit/molecule"" src=""data:image/png"
103-05-9;floral;limpio;fresco;medio;aromatizante;0.098;1.0987;0.3;CC(C)(O)CCc1ccccc1;2-Methyl-4-phenylbutan-2-ol;"<img data-content=""rdkit/molecule"" src=""data:image/png"
1203-17-4;ND;0;0;0;no utilizada en fragancias;0;0.0244;0.1;CC1C(C)(C)c2ccccc2C1(C)C;1,1,2,3,3-pentamethyl-2H-indene;"<img data-content=""rdkit/molecule"" src=""data:image/png"
34598-80-6;ND;0;0;0;0;0;0.0229;0.1;C;methane;"<img data-content=""rdkit/molecule"" src=""data:image/png"
20780-49-8;ceroso;fresco;limpio;medio;aromatizante;0.104;0.1967;0.3;CC(C)CCCC(C)CCOC(C)=O;3,7-Dimethyloctyl acetate;"<img data-content=""rdkit/molecule"" src=""data:image/png"
20298-69-5;frutal;fresco;bergamota;medio;aromatizante;0.103;0.1034;0.3;CC(=O)O[C@@H]1CCCC[C@@H]1C(C)(C)C;[(1R,2R)-2-tert-butylcyclohexyl] acetate;"<img data-content=""rdkit/molecule"" src=""data:image/png"
151-05-3;floral;dulce;rosa;medio;aromatizante;0.05;0.7345;0.3;CC(=O)OC(C)(C)Cc1ccccc1;(2-methyl-1-phenylpropan-2-yl) acetate;"<img data-content=""rdkit/molecule"" src=""data:image/png"
2792-39-4;ND;0;0;0;sustancia natural;0;0.0406;0.1;C/C=C(C)/CCC=C(C)C;['(6E)-2,6-dimethylocta-2,6-diene', '2,6-dimethylocta-2,6-diene'];"<img data-content=""rdkit/molecule"" src=""data:image/png"
120-57-0;floral;dulce;cereza;medio;aromatizante;0.003;0.5782;0.3;O=Cc1ccc2OCOc2c1;1,3-benzodioxole-5-carbaldehyde;"<img data-content=""rdkit/molecule"" src=""data:image/png"
134-20-3;frutal;floral;uva;0;aromatizante;0.016;0.0281;0.1;COC(=O)c1ccccc1N;Methyl 2-aminobenzoate;"<img data-content=""rdkit/molecule"" src=""data:image/png"
150-84-5;floral;rosa;verde;medio;aromatizante;0.05;1.061;0.3;CC(CCOC(C)=O)CCC=C(C)C;3,7-dimethyloct-6-enyl acetate;"<img data-content=""rdkit/molecule"" src=""data:image/png"
141-12-8;floral;rosa;jabonoso;medio;aromatizante;0.026;0.232;0.3;CC(=O)OC\C=C(C)/CCC=C(C)C;[(2Z)-3,7-dimethylocta-2,6-dienyl] acetate;"<img data-content=""rdkit/molecule"" src=""data:image/png"
104-61-0;frutal;coco;cremoso;medio;aromatizante;0.009;0.124;0.3;CCCCC[C@H]1CCC(=O)O1;(5S)-5-pentyloxolan-2-one;"<img data-content=""rdkit/molecule"" src=""data:image/png"
57576-09-7;alcohólico;amaderado;menta;medio;aromatizante;0.025;0.0167;0.3;C[C@@H]1CC[C@H]([C@@H](C1)OC(C)=O)C(C)=C;[(1R,2S,5R)-5-methyl-2-prop-1-en-2-ylcyclohexyl] acetate;"<img data-content=""rdkit/molecule"" src=""data:image/png"
105-87-3;floral;rosa;lava0a;medio;aromatizante;0.026;1.1662;0.3;CC(=O)OC/C=C(C)/CCC=C(C)C;['[(2E)-3,7-dimethylocta-2,6-dienyl] acetate', '3,7-Dimethylocta-2,6-dienyl acetate'];"<img data-content=""rdkit/molecule"" src=""data:image/png"
23726-93-4;frutal;manzana ;dulce;alto;aromatizante;0.005;0.06;0.5;C/C=C/C(=O)C1=C(C)C=CCC1(C)C;(E)-1-(2,6,6-trimethyl-1-cyclohexa-1,3-dienyl)but-2-en-1-one;"<img data-content=""rdkit/molecule"" src=""data:image/png"
514-51-2;ND;0;0;0;aromatizante;0.02;0.0481;0.1;CC1CCC2=C1CC3CCC2(C)C3(C)C;;"<img data-content=""rdkit/molecule"" src=""data:image/png"
515-13-9;ND;dulce;0;medio;sustancia natural;0.031;0.0392;0.3;CC(=C)C1CCC(C)(C=C)C(C1)C(C)=C;1-ethenyl-1-methyl-2,4-di(prop-1-en-2-yl)cyclohexane;"<img data-content=""rdkit/molecule"" src=""data:image/png"
121-33-5;vainilla;cremoso;dulce;medio;aromatizante;0.002;1.7142;0.3;COc1cc(C=O)ccc1O;4-Hydroxy-3-methoxybenzaldehyde;"<img data-content=""rdkit/molecule"" src=""data:image/png"
2142-79-2;ND;0;0;0;0;0;0.3611;0.1;CC(=O)c1c(C)c(C)cc(C)c1C;1-(2,3,5,6-tetramethylphenyl)ethanone;"<img data-content=""rdkit/molecule"" src=""data:image/png"
87-44-5;ND;0;0;0;0;0;0.06;0.1;C\C1=C/CCC(=C)[C@H]2CC(C)(C)[C@@H]2CC1;(1R,4E,9S)-4,11,11-trimethyl-8-methylidenebicyclo[7.2.0]undec-4-ene;"<img data-content=""rdkit/molecule"" src=""data:image/png"
001461-03-6;ND;0;0;0;0;0;0.26;0.1;C;methane;"<img data-content=""rdkit/molecule"" src=""data:image/png"
56805-24-4;ND;0;0;0;0;0;0.0921;0.1;C;methane;"<img data-content=""rdkit/molecule"" src=""data:image/png"
614-60-8;ND;0;0;0;antioxidante;1.90E-05;0.5743;0.1;OC(=O)/C=C/c1ccccc1O;['(E)-3-(2-hydroxyphenyl)prop-2-enoic acid', '3-(2-hydroxyphenyl)prop-2-enoic acid'];"<img data-content=""rdkit/molecule"" src=""data:image/png"
91-64-5;tonka;heno;dulce;medio;aromatizante;0.1;0.572;0.3;O=C1Oc2ccccc2C=C1;chromen-2-one;"<img data-content=""rdkit/molecule"" src=""data:image/png"
20085-93-2;ND;0;0;0;sustancia natural;0.034;0.1292;0.1;C;methane;"<img data-content=""rdkit/molecule"" src=""data:image/png"
121-32-4;vainilla;dulce;cremoso;medio;aromatizante;0.001;1.3858;0.3;CCOc1cc(C=O)ccc1O;3-Ethoxy-4-hydroxybenzaldehyde;"<img data-content=""rdkit/molecule"" src=""data:image/png"
3025-30-7;verde;manzana ;ceroso;alto;aromatizante;0.01;0.2784;0.5;CCCCC\C=C/C=C/C(=O)OCC;ethyl (2E,4Z)-deca-2,4-dienoate;"<img data-content=""rdkit/molecule"" src=""data:image/png"
560-32-7;ND;0;0;0;sustancia natural;0.018;0.0642;0.1;C;methane;"<img data-content=""rdkit/molecule"" src=""data:image/png"
706-14-9;frutal;dulce;mantecoso;medio;aromatizante;0.00512;0.1958;0.3;CCCCCCC1CCC(=O)O1;5-hexyloxolan-2-one;"<img data-content=""rdkit/molecule"" src=""data:image/png"
134-28-1;balsamico;rosa;te;medio;aromatizante;0.000134;0.0179;0.3;C[C@H]1CC[C@H](CC2=C1CC[C@@H]2C)C(C)(C)OC(C)=O;2-[(3S,5R,8S)-3,8-dimethyl-1,2,3,4,5,6,7,8-octahydroazulen-5-yl]propan-2-yl acetate;"<img data-content=""rdkit/molecule"" src=""data:image/png"
351222-66-7;ND;0;0;0;0;0;0.0179;0.1;C;methane;"<img data-content=""rdkit/molecule"" src=""data:image/png"
508-55-4;ND;0;0;0;sustancia natural;0;0.0195;0.1;C;methane;"<img data-content=""rdkit/molecule"" src=""data:image/png"
4676-39-5;ND;0;0;0;0;0;0.0106;0.1;CC(=O)Cc1ccc2OCOc2c1;1-(1,3-benzodioxol-5-yl)propan-2-one;"<img data-content=""rdkit/molecule"" src=""data:image/png"
4476-28-2;ND;0;0;0;0;0;0.0101;0.1;CC(C)c1ccc(CC([O-])=O)cc1;2-(4-propan-2-ylphenyl)acetate;"<img data-content=""rdkit/molecule"" src=""data:image/png"
10094-34-5;floral;ciruela;hierba;medio;aromatizante;0.002;0.854;0.3;CCCC(=O)OC(C)(C)Cc1ccccc1;(2-methyl-1-phenylpropan-2-yl) butanoate;"<img data-content=""rdkit/molecule"" src=""data:image/png"
65133-79-1;ND;0;0;0;0;0;2.602;0.1;C;methane;"<img data-content=""rdkit/molecule"" src=""data:image/png"
5078-75-1;ND;0;0;0;0;0;0.2902;0.1;C;methane;"<img data-content=""rdkit/molecule"" src=""data:image/png"
33704-61-9;musk;picante;amaderado;medio;aromatizante;0.003;0.8083;0.3;CC1C(C)(C)C2=C(C(=O)CCC2)C1(C)C;1,1,2,3,3-pentamethyl-2,5,6,7-tetrahydroinden-4-one;"<img data-content=""rdkit/molecule"" src=""data:image/png"
3691-11-0;ND;0;0;0;sustancia natural;0.009;0.3162;0.1;C[C@H]1CCC2=C(C)CC[C@H](C[C@@H]12)C(C)=C;(3S,3aS,5R)-3,8-dimethyl-5-prop-1-en-2-yl-1,2,3,3a,4,5,6,7-octahydroazulene;"<img data-content=""rdkit/molecule"" src=""data:image/png"
6813-21-4;ND;0;0;0;sustancia natural;0.012;0.0234;0.1;C;methane;"<img data-content=""rdkit/molecule"" src=""data:image/png"
475-20-7;maderoso;rosa;dulce;medio;aromatizante;0.031;0.0246;0.3;CC1(C)CCCC2(C)C3CCC(C13)C2=C;;"<img data-content=""rdkit/molecule"" src=""data:image/png"
28219-61-6;maderoso;amaderado;sa0alo;alto;aromatizante;0.00028;0.3974;0.5;CC\C(CO)=C/CC1CC=C(C)C1(C)C;(E)-2-ethyl-4-(2,2,3-trimethyl-1-cyclopent-3-enyl)but-2-en-1-ol;"<img data-content=""rdkit/molecule"" src=""data:image/png"
28219-61-6;maderoso;amaderado;sa0alo;alto;aromatizante;0.00028;0.3974;0.5;CC\C(CO)=C/CC1CC=C(C)C1(C)C;(E)-2-ethyl-4-(2,2,3-trimethyl-1-cyclopent-3-enyl)but-2-en-1-ol;"<img data-content=""rdkit/molecule"" src=""data:image/png"
1000378-90-9;ND;0;0;0;0;0;1.0246;0.1;C;methane;"<img data-content=""rdkit/molecule"" src=""data:image/png"
104-67-6;frutal;cremoso;melocoton;medio;aromatizante;0.003;0.1782;0.3;CCCCCCC[C@H]1CCC(=O)O1;(5S)-5-heptyloxolan-2-one;"<img data-content=""rdkit/molecule"" src=""data:image/png"
33704-61-9;musk;picante;amaderado;medio;aromatizante;0.003;0.8083;0.3;CC1C(C)(C)C2=C(C(=O)CCC2)C1(C)C;1,1,2,3,3-pentamethyl-2,5,6,7-tetrahydroinden-4-one;"<img data-content=""rdkit/molecule"" src=""data:image/png"
84-66-2;ND;0;0;0;disolvente;0.0021;2.7767;0.1;CCOC(=O)c1ccccc1C(=O)OCC;diethyl benzene-1,2-dicarboxylate;"<img data-content=""rdkit/molecule"" src=""data:image/png"
55418-52-5;floral;dulce;frambuesa;medio;aromatizante;0.002;0.0654;0.3;CC(=O)CCc1ccc2OCOc2c1;4-(1,3-Benzodioxol-5-yl)butan-2-one;"<img data-content=""rdkit/molecule"" src=""data:image/png"
125284-17-5;ND;0;0;0;0;0;0.1356;0.1;C;methane;"<img data-content=""rdkit/molecule"" src=""data:image/png"
1000187-02-9;ND;0;0;0;0;0;0.0599;0.1;C;methane;"<img data-content=""rdkit/molecule"" src=""data:image/png"
19903-73-2;ND;0;0;0;sustancia natural;0;3.66;0.1;C[C@@H]1CC[C@H]2C(C)(C)[C@H]3C[C@@]12CC[C@]3(C)O;;"<img data-content=""rdkit/molecule"" src=""data:image/png"
1000187-02-9;ND;0;0;0;0;0;0.0599;0.1;C;methane;"<img data-content=""rdkit/molecule"" src=""data:image/png"
1000432-48-8;ND;0;0;0;0;0;0.0501;0.1;C;methane;"<img data-content=""rdkit/molecule"" src=""data:image/png"
77-93-0;ND;0;0;0;disolvente;0.000175;0.5717;0.1;CCOC(=O)CC(O)(CC(=O)OCC)C(=O)OCC;1,2,3-triethyl 2-hydroxypropane-1,2,3-tricarboxylate;"<img data-content=""rdkit/molecule"" src=""data:image/png"
24851-98-7;floral;frutal;citrico;medio;aromatizante;0.001;9.3675;0.3;CCCCCC1C(CCC1=O)CC(=O)OC;methyl 2-(3-oxo-2-pentylcyclopentyl)acetate;"<img data-content=""rdkit/molecule"" src=""data:image/png"
38349-21-2;ND;0;0;0;0;0;0.0609;0.1;C;methane;"<img data-content=""rdkit/molecule"" src=""data:image/png"
64949-42-4;ND;0;0;0;0;0;0.0342;0.1;C;methane;"<img data-content=""rdkit/molecule"" src=""data:image/png"
1000197-08-4;ND;0;0;0;0;0;4.5957;0.1;C;methane;"<img data-content=""rdkit/molecule"" src=""data:image/png"
65405-77-8;floral;balsámico;metalico;medio;aromatizante;0.000246;3.2526;0.3;CC/C=C/CCOC(=O)c1ccccc1O;['hex-3-enyl 2-hydroxybenzoate', '[(E)-hex-3-enyl] 2-hydroxybenzoate'];"<img data-content=""rdkit/molecule"" src=""data:image/png"
127-43-5;orris;amaderado;polvoriento;medio;aromatizante;0.001;2.9828;0.3;CCC(=O)/C=C/C1=C(C)CCCC1(C)C;['1-(2,6,6-trimethyl-1-cyclohexenyl)pent-1-en-3-one', '(E)-1-(2,6,6-trimethyl-1-cyclohexenyl)pent-1-en-3-one'];"<img data-content=""rdkit/molecule"" src=""data:image/png"
24851-98-7;floral;frutal;citrico;medio;aromatizante;0.001;9.3675;0.3;CCCCCC1C(CCC1=O)CC(=O)OC;methyl 2-(3-oxo-2-pentylcyclopentyl)acetate;"<img data-content=""rdkit/molecule"" src=""data:image/png"
1000131-52-4;ND;0;0;0;0;0;0.2297;0.1;C;methane;"<img data-content=""rdkit/molecule"" src=""data:image/png"
1000284-92-8;ND;0;0;0;0;0;0.067;0.1;C;methane;"<img data-content=""rdkit/molecule"" src=""data:image/png"
2084-69-7;ND;0;0;0;0;0;0.0277;0.1;CC1CC(C)(C)c2ccc(C)cc2C1(C)C;1,1,2,4,4,7-hexamethyl-2,3-dihydronaphthalene;"<img data-content=""rdkit/molecule"" src=""data:image/png"
1000190-21-8;ND;0;0;0;0;0;1.6853;0.1;C;methane;"<img data-content=""rdkit/molecule"" src=""data:image/png"
1000325-06-7;ND;0;0;0;0;0;0.191;0.1;C;methane;"<img data-content=""rdkit/molecule"" src=""data:image/png"
127-43-5;orris;amaderado;polvoriento;medio;aromatizante;0.001;2.9828;0.3;CCC(=O)/C=C/C1=C(C)CCCC1(C)C;['1-(2,6,6-trimethyl-1-cyclohexenyl)pent-1-en-3-one', '(E)-1-(2,6,6-trimethyl-1-cyclohexenyl)pent-1-en-3-one'];"<img data-content=""rdkit/molecule"" src=""data:image/png"
42536-97-0;ND;0;0;0;0;0;0.038;0.1;CC/C=C/C[C@H]1[C@@H](CCC1=O)CC(=O)OC;methyl 2-[(1S,2S)-3-oxo-2-[(E)-pent-2-enyl]cyclopentyl]acetate;"<img data-content=""rdkit/molecule"" src=""data:image/png"
55741-10-1;ND;0;0;0;0;0;0.0825;0.1;C;methane;"<img data-content=""rdkit/molecule"" src=""data:image/png"
1000348-48-8;ND;0;0;0;0;0;0.0242;0.1;C;methane;"<img data-content=""rdkit/molecule"" src=""data:image/png"
1000330-77-1;ND;0;0;0;0;0;0.0225;0.1;C;methane;"<img data-content=""rdkit/molecule"" src=""data:image/png"
67951-45-5;ND;0;0;0;0;0;0.0556;0.1;C;methane;"<img data-content=""rdkit/molecule"" src=""data:image/png"
101-86-0;ND;0;0;0;aromatizante;0.001;1.5651;0.1;CCCCCC\C(C=O)=C/c1ccccc1;['2-(phenylmethylidene)octanal', '(2E)-2-(phenylmethylidene)octanal'];"<img data-content=""rdkit/molecule"" src=""data:image/png"
1000432-46-3;ND;0;0;0;0;0;0.024;0.1;C;methane;"<img data-content=""rdkit/molecule"" src=""data:image/png"
101-86-0;ND;0;0;0;aromatizante;0.001;1.5651;0.1;CCCCCC\C(C=O)=C/c1ccccc1;['2-(phenylmethylidene)octanal', '(2E)-2-(phenylmethylidene)octanal'];"<img data-content=""rdkit/molecule"" src=""data:image/png"
100679-85-4;ND;0;0;0;0;0;0.5633;0.1;C;methane;"<img data-content=""rdkit/molecule"" src=""data:image/png"
1000352-67-3;ND;0;0;0;0;0;0.0605;0.1;C;methane;"<img data-content=""rdkit/molecule"" src=""data:image/png"
16832-35-2;ND;0;0;0;0;0;0.3021;0.1;C1CCC2C(C1)C3CCCC4CCCC2C34;1,2,3,3a,4,5,6,6a,6b,7,8,9,10,10a,10b,10c-hexadecahydrofluoranthene;"<img data-content=""rdkit/molecule"" src=""data:image/png"
1000161-90-4;ND;0;0;0;0;0;0.3032;0.1;C;methane;"<img data-content=""rdkit/molecule"" src=""data:image/png"
1000161-90-4;ND;0;0;0;0;0;0.3032;0.1;C;methane;"<img data-content=""rdkit/molecule"" src=""data:image/png"
118-60-5;floral;dulce;orquidea;bajo;aromatizante;8.00E-05;0.5157;0.15;CCCCC(CC)COC(=O)c1ccccc1O;2-Ethylhexyl 2-hydroxybenzoate;"<img data-content=""rdkit/molecule"" src=""data:image/png"
110-27-0;ND;graso;aceitoso;ninguna;disolvente;0.000329;0.0262;0.1;CCCCCCCCCCCCCC(=O)OC(C)C;propan-2-yl tetradecanoate;"<img data-content=""rdkit/molecule"" src=""data:image/png"
1000432-48-9;ND;0;0;0;0;0;0.2036;0.1;C;methane;"<img data-content=""rdkit/molecule"" src=""data:image/png"
1000432-48-9;ND;0;0;0;0;0;0.2036;0.1;C;methane;"<img data-content=""rdkit/molecule"" src=""data:image/png"
1000432-48-9;ND;0;0;0;0;0;0.2036;0.1;C;methane;"<img data-content=""rdkit/molecule"" src=""data:image/png"
77143-32-9;ND;0;0;0;0;0;0.3569;0.1;C;methane;"<img data-content=""rdkit/molecule"" src=""data:image/png"
77143-32-9;ND;0;0;0;0;0;0.3569;0.1;C;methane;"<img data-content=""rdkit/molecule"" src=""data:image/png"
1000432-48-9;ND;0;0;0;0;0;0.2036;0.1;C;methane;"<img data-content=""rdkit/molecule"" src=""data:image/png"
1000362-94-7;ND;0;0;0;0;0;0.0694;0.1;C;methane;"<img data-content=""rdkit/molecule"" src=""data:image/png"
1222-05-5;musk;floral;dulce;medio;aromatizante;0.000414;3.3607;0.3;CC1COCc2cc3c(cc12)C(C)(C)C(C)C3(C)C;4,6,6,7,8,8-hexamethyl-1,3,4,7-tetrahydrocyclopenta[g]isochromene;"<img data-content=""rdkit/molecule"" src=""data:image/png"
1222-05-5;musk;floral;dulce;medio;aromatizante;0.000414;3.3607;0.3;CC1COCc2cc3c(cc12)C(C)(C)C(C)C3(C)C;4,6,6,7,8,8-hexamethyl-1,3,4,7-tetrahydrocyclopenta[g]isochromene;"<img data-content=""rdkit/molecule"" src=""data:image/png"
118-58-1;balsamico;limpio;herbal;bajo;aromatizante;0.00017;3.4749;0.15;Oc1ccccc1C(=O)OCc2ccccc2;Phenylmethyl 2-hydroxybenzoate;"<img data-content=""rdkit/molecule"" src=""data:image/png"
1222-05-5;musk;floral;dulce;medio;aromatizante;0.000414;3.3607;0.3;CC1COCc2cc3c(cc12)C(C)(C)C(C)C3(C)C;4,6,6,7,8,8-hexamethyl-1,3,4,7-tetrahydrocyclopenta[g]isochromene;"<img data-content=""rdkit/molecule"" src=""data:image/png"
1222-05-5;musk;floral;dulce;medio;aromatizante;0.000414;3.3607;0.3;CC1COCc2cc3c(cc12)C(C)(C)C(C)C3(C)C;4,6,6,7,8,8-hexamethyl-1,3,4,7-tetrahydrocyclopenta[g]isochromene;"<img data-content=""rdkit/molecule"" src=""data:image/png"
1222-05-5;musk;floral;dulce;medio;aromatizante;0.000414;3.3607;0.3;CC1COCc2cc3c(cc12)C(C)(C)C(C)C3(C)C;4,6,6,7,8,8-hexamethyl-1,3,4,7-tetrahydrocyclopenta[g]isochromene;"<img data-content=""rdkit/molecule"" src=""data:image/png"
1222-05-5;musk;floral;dulce;medio;aromatizante;0.000414;3.3607;0.3;CC1COCc2cc3c(cc12)C(C)(C)C(C)C3(C)C;4,6,6,7,8,8-hexamethyl-1,3,4,7-tetrahydrocyclopenta[g]isochromene;"<img data-content=""rdkit/molecule"" src=""data:image/png"
31458-16-9;ND;0;0;0;0;0;0.0268;0.1;C;methane;"<img data-content=""rdkit/molecule"" src=""data:image/png"
1000401-77-6;ND;0;0;0;0;0;0.0108;0.1;C;methane;"<img data-content=""rdkit/molecule"" src=""data:image/png"
1000432-48-9;ND;0;0;0;0;0;0.2036;0.1;C;methane;"<img data-content=""rdkit/molecule"" src=""data:image/png"
105-95-3;musk;polvoroso;amaderado;medio;aromatizante;0;2.4402;0.3;O=C1CCCCCCCCCCCC(=O)OCCO1;1,4-Dioxacycloheptadecane-5,17-dione;"<img data-content=""rdkit/molecule"" src=""data:image/png"
1000331-51-3;ND;0;0;0;0;0;0.0135;0.1;C;methane;"<img data-content=""rdkit/molecule"" src=""data:image/png"
5466-77-3;ND;0;0;0;filtro;0;2.4985;0.1;CCCCC(CC)COC(=O)/C=C/c1ccc(OC)cc1;['2-ethylhexyl 3-(4-methoxyphenyl)prop-2-enoate', '2-ethylhexyl (E)-3-(4-methoxyphenyl)prop-2-enoate'];"<img data-content=""rdkit/molecule"" src=""data:image/png"
70356-09-1;ND;0;0;0;filtro;0;0.3591;0.1;COc1ccc(cc1)C(=O)CC(=O)c2ccc(cc2)C(C)(C)C;1-(4-tert-butylphenyl)-3-(4-methoxyphenyl)propane-1,3-dione;"<img data-content=""rdkit/molecule"" src=""data:image/png"
